{"cameraMode":{"drawMode":0,"name":"Shaded","section":"Shading Mode"},"sceneLighting":false,"audioPlay":false,"sceneViewState":{"showFog":false,"showMaterialUpdate":false,"showSkybox":false,"showFlares":false,"showImageEffects":false,"showParticleSystems":false},"in2DMode":false,"pivot":{"x":-0.000002294778823852539,"y":-0.09093371778726578,"z":0.3749963939189911},"rotation":{"x":0.012999911792576313,"y":-0.9377026557922363,"z":0.03549926355481148,"w":0.345588743686676},"size":2.4088120460510256,"orthographic":false}