{"cameraMode":{"drawMode":0,"name":"Shaded","section":"Shading Mode"},"sceneLighting":false,"audioPlay":false,"sceneViewState":{"showFog":false,"showMaterialUpdate":false,"showSkybox":false,"showFlares":false,"showImageEffects":false,"showParticleSystems":false},"in2DMode":false,"pivot":{"x":1.528489112854004,"y":2.923604965209961,"z":4.938443660736084},"rotation":{"x":0.007755768485367298,"y":0.45725417137145998,"z":0.003918589558452368,"w":-0.8893109560012817},"size":9.574845314025879,"orthographic":false}