{"cameraMode":{"drawMode":0,"name":"Shaded","section":"Shading Mode"},"sceneLighting":false,"audioPlay":false,"sceneViewState":{"showFog":false,"showMaterialUpdate":false,"showSkybox":false,"showFlares":false,"showImageEffects":false,"showParticleSystems":false},"in2DMode":false,"pivot":{"x":-0.0012837648391723633,"y":0.013650568202137947,"z":0.0},"rotation":{"x":0.020346960052847863,"y":-0.1784094125032425,"z":-0.0037482527550309898,"w":-0.9838154315948486},"size":0.29978013038635256,"orthographic":false}