{"cameraMode":{"drawMode":0,"name":"Shaded","section":"Shading Mode"},"sceneLighting":true,"audioPlay":false,"sceneViewState":{"showFog":false,"showMaterialUpdate":false,"showSkybox":false,"showFlares":false,"showImageEffects":false,"showParticleSystems":false},"in2DMode":false,"pivot":{"x":29.70709991455078,"y":2.7043471336364748,"z":99.02100372314453},"rotation":{"x":-0.051470883190631869,"y":-0.7717940807342529,"z":0.06283891946077347,"w":-0.630795955657959},"size":12.347482681274414,"orthographic":false}